{"cameraMode":{"drawMode":0,"name":"Shaded","section":"Shading Mode"},"sceneLighting":false,"audioPlay":false,"sceneViewState":{"showFog":true,"showMaterialUpdate":false,"showSkybox":false,"showFlares":true,"showImageEffects":true,"showParticleSystems":true},"in2DMode":false,"pivot":{"x":-185.200439453125,"y":-123.36653137207031,"z":236.82266235351563},"rotation":{"x":-0.1784026175737381,"y":0.36981913447380068,"z":-0.07258287072181702,"w":-0.9089370369911194},"size":183.07455444335938,"orthographic":false}