{"cameraMode":{"drawMode":0,"name":"Shaded","section":"Shading Mode"},"sceneLighting":true,"audioPlay":false,"sceneViewState":{"showFog":true,"showMaterialUpdate":false,"showSkybox":true,"showFlares":true,"showImageEffects":true,"showParticleSystems":true},"in2DMode":false,"pivot":{"x":-141.16650390625,"y":-53.46598434448242,"z":13.597258567810059},"rotation":{"x":0.13244836032390595,"y":-0.6743545532226563,"z":0.12479905039072037,"w":0.715640664100647},"size":83.3182373046875,"orthographic":false}