{"cameraMode":{"drawMode":0,"name":"Shaded","section":"Shading Mode"},"sceneLighting":false,"audioPlay":false,"sceneViewState":{"showFog":true,"showMaterialUpdate":false,"showSkybox":false,"showFlares":true,"showImageEffects":true,"showParticleSystems":true},"in2DMode":false,"pivot":{"x":-0.07883468270301819,"y":1.7892943620681763,"z":2.152240514755249},"rotation":{"x":-0.17641496658325196,"y":-0.8038802742958069,"z":0.2905401289463043,"w":-0.48812931776046755},"size":4.031612396240234,"orthographic":false}