{"cameraMode":{"drawMode":0,"name":"Shaded","section":"Shading Mode"},"sceneLighting":false,"audioPlay":false,"sceneViewState":{"showFog":true,"showMaterialUpdate":false,"showSkybox":false,"showFlares":true,"showImageEffects":true,"showParticleSystems":true},"in2DMode":false,"pivot":{"x":1.154597520828247,"y":-0.27713146805763247,"z":-4.92952299118042},"rotation":{"x":-0.0051735141314566139,"y":-0.9839564561843872,"z":0.1760021448135376,"w":-0.028943823650479318},"size":7.017746925354004,"orthographic":false}