{"cameraMode":{"drawMode":0,"name":"Shaded","section":"Shading Mode"},"sceneLighting":false,"audioPlay":false,"sceneViewState":{"showFog":true,"showMaterialUpdate":false,"showSkybox":false,"showFlares":true,"showImageEffects":true,"showParticleSystems":true},"in2DMode":false,"pivot":{"x":-74.24830627441406,"y":-87.93537139892578,"z":329.90936279296877},"rotation":{"x":-0.12960350513458253,"y":0.11220333725214005,"z":-0.014764606952667237,"w":-0.9851087927818298},"size":180.48851013183595,"orthographic":false}