{"cameraMode":{"drawMode":0,"name":"Shaded","section":"Shading Mode"},"sceneLighting":false,"audioPlay":false,"sceneViewState":{"showFog":true,"showMaterialUpdate":false,"showSkybox":false,"showFlares":true,"showImageEffects":true,"showParticleSystems":true},"in2DMode":false,"pivot":{"x":-2.7313313484191896,"y":3.543229818344116,"z":4.42396879196167},"rotation":{"x":-0.13273552060127259,"y":-0.8572254180908203,"z":0.2739427983760834,"w":-0.4153665006160736},"size":2.2316126823425295,"orthographic":false}