{"cameraMode":{"drawMode":0,"name":"Shaded","section":"Shading Mode"},"sceneLighting":false,"audioPlay":false,"sceneViewState":{"showFog":true,"showMaterialUpdate":false,"showSkybox":false,"showFlares":true,"showImageEffects":true,"showParticleSystems":true},"in2DMode":false,"pivot":{"x":14.1072359085083,"y":-3.609605073928833,"z":-9.626432418823243},"rotation":{"x":-0.16528619825839997,"y":-0.7424792051315308,"z":0.19855880737304688,"w":-0.6180673241615295},"size":25.643938064575197,"orthographic":false}