{"cameraMode":{"drawMode":0,"name":"Shaded","section":"Shading Mode"},"sceneLighting":true,"audioPlay":false,"sceneViewState":{"showFog":true,"showMaterialUpdate":false,"showSkybox":true,"showFlares":true,"showImageEffects":true,"showParticleSystems":true},"in2DMode":false,"pivot":{"x":-463.9444885253906,"y":-86.53205871582031,"z":-312.4979248046875},"rotation":{"x":0.20438404381275178,"y":-0.5895982980728149,"z":0.15755505859851838,"w":0.765443742275238},"size":128.3916778564453,"orthographic":false}