{"cameraMode":{"drawMode":0,"name":"Shaded","section":"Shading Mode"},"sceneLighting":true,"audioPlay":false,"sceneViewState":{"showFog":true,"showMaterialUpdate":false,"showSkybox":true,"showFlares":true,"showImageEffects":true,"showParticleSystems":true},"in2DMode":false,"pivot":{"x":-196.46530151367188,"y":-114.31202697753906,"z":358.5341491699219},"rotation":{"x":-0.13586755096912385,"y":0.2947925925254822,"z":-0.042387012392282489,"w":-0.9449082612991333},"size":231.23204040527345,"orthographic":false}