{"cameraMode":{"drawMode":0,"name":"Shaded","section":"Shading Mode"},"sceneLighting":false,"audioPlay":false,"sceneViewState":{"showFog":true,"showMaterialUpdate":false,"showSkybox":false,"showFlares":true,"showImageEffects":true,"showParticleSystems":true},"in2DMode":false,"pivot":{"x":0.5187814235687256,"y":0.8397082090377808,"z":1.722050666809082},"rotation":{"x":-0.0573371984064579,"y":-0.922664999961853,"z":0.1510879546403885,"w":-0.350149005651474},"size":2.5316126346588136,"orthographic":false}