{"cameraMode":{"drawMode":0,"name":"Shaded","section":"Shading Mode"},"sceneLighting":true,"audioPlay":false,"sceneViewState":{"showFog":true,"showMaterialUpdate":false,"showSkybox":true,"showFlares":true,"showImageEffects":true,"showParticleSystems":true},"in2DMode":false,"pivot":{"x":35.72242736816406,"y":-28.62811279296875,"z":79.86543273925781},"rotation":{"x":0.29362958669662478,"y":0.1697445809841156,"z":-0.05306963622570038,"w":0.9392356872558594},"size":47.014122009277347,"orthographic":false}