{"cameraMode":{"drawMode":0,"name":"Shaded","section":"Shading Mode"},"sceneLighting":false,"audioPlay":false,"sceneViewState":{"showFog":true,"showMaterialUpdate":false,"showSkybox":false,"showFlares":true,"showImageEffects":true,"showParticleSystems":true},"in2DMode":false,"pivot":{"x":-245.10494995117188,"y":-159.64268493652345,"z":119.12210083007813},"rotation":{"x":-0.2479386031627655,"y":0.5152544975280762,"z":-0.1587163358926773,"w":-0.8049077987670898},"size":204.3116455078125,"orthographic":false}