{"cameraMode":{"drawMode":0,"name":"Shaded","section":"Shading Mode"},"sceneLighting":false,"audioPlay":false,"sceneViewState":{"showFog":true,"showMaterialUpdate":false,"showSkybox":false,"showFlares":true,"showImageEffects":true,"showParticleSystems":true},"in2DMode":false,"pivot":{"x":13.060340881347657,"y":-4.126106262207031,"z":-2.4001083374023439},"rotation":{"x":-0.1438591331243515,"y":-0.7989410161972046,"z":0.21109285950660706,"w":-0.5444877743721008},"size":34.89785385131836,"orthographic":false}