{"cameraMode":{"drawMode":0,"name":"Shaded","section":"Shading Mode"},"sceneLighting":false,"audioPlay":false,"sceneViewState":{"showFog":true,"showMaterialUpdate":false,"showSkybox":false,"showFlares":true,"showImageEffects":true,"showParticleSystems":true},"in2DMode":false,"pivot":{"x":9.034883499145508,"y":-53.46598815917969,"z":7.50836181640625},"rotation":{"x":-0.46802812814712527,"y":0.04715622216463089,"z":-0.025026369839906694,"w":-0.8821111917495728},"size":87.8642578125,"orthographic":false}