{"cameraMode":{"drawMode":0,"name":"Shaded","section":"Shading Mode"},"sceneLighting":false,"audioPlay":false,"sceneViewState":{"showFog":true,"showMaterialUpdate":false,"showSkybox":false,"showFlares":true,"showImageEffects":true,"showParticleSystems":true},"in2DMode":false,"pivot":{"x":-0.35761067271232607,"y":9.350252151489258,"z":1.7968966960906983},"rotation":{"x":0.23368653655052186,"y":0.6871852874755859,"z":-0.2506941854953766,"w":0.640565812587738},"size":3.86602520942688,"orthographic":false}