{"cameraMode":{"drawMode":0,"name":"Shaded","section":"Shading Mode"},"sceneLighting":false,"audioPlay":false,"sceneViewState":{"showFog":true,"showMaterialUpdate":false,"showSkybox":false,"showFlares":true,"showImageEffects":true,"showParticleSystems":true},"in2DMode":false,"pivot":{"x":0.03789019584655762,"y":2.9589343070983888,"z":0.576002836227417},"rotation":{"x":0.16249023377895356,"y":0.7765429615974426,"z":-0.22271820902824403,"w":0.5665460228919983},"size":2.36602520942688,"orthographic":false}