{"cameraMode":{"drawMode":0,"name":"Shaded","section":"Shading Mode"},"sceneLighting":false,"audioPlay":false,"sceneViewState":{"showFog":true,"showMaterialUpdate":false,"showSkybox":false,"showFlares":true,"showImageEffects":true,"showParticleSystems":true},"in2DMode":false,"pivot":{"x":-1.0714292526245118,"y":5.301875591278076,"z":0.6243152618408203},"rotation":{"x":0.17768721282482148,"y":-0.12042351067066193,"z":0.021932179108262063,"w":0.976477324962616},"size":5.966026306152344,"orthographic":false}