{"cameraMode":{"drawMode":0,"name":"Shaded","section":"Shading Mode"},"sceneLighting":true,"audioPlay":false,"sceneViewState":{"showFog":true,"showMaterialUpdate":false,"showSkybox":true,"showFlares":true,"showImageEffects":true,"showParticleSystems":true},"in2DMode":false,"pivot":{"x":48.024993896484378,"y":-41.34849166870117,"z":-0.6143853664398193},"rotation":{"x":0.24402514100074769,"y":0.6733059287071228,"z":-0.2525225579738617,"w":0.650668740272522},"size":34.548614501953128,"orthographic":false}