{"cameraMode":{"drawMode":0,"name":"Shaded","section":"Shading Mode"},"sceneLighting":false,"audioPlay":false,"sceneViewState":{"showFog":false,"showMaterialUpdate":false,"showSkybox":false,"showFlares":true,"showImageEffects":true,"showParticleSystems":true},"in2DMode":false,"pivot":{"x":-39.86437225341797,"y":-0.39813995361328127,"z":32.27386474609375},"rotation":{"x":0.01977350190281868,"y":0.9711831212043762,"z":-0.22615158557891847,"w":0.0786585882306099},"size":85.6285629272461,"orthographic":false}