{"cameraMode":{"drawMode":0,"name":"Shaded","section":"Shading Mode"},"sceneLighting":false,"audioPlay":false,"sceneViewState":{"showFog":false,"showMaterialUpdate":false,"showSkybox":false,"showFlares":true,"showImageEffects":true,"showParticleSystems":true},"in2DMode":false,"pivot":{"x":11.229576110839844,"y":12.267471313476563,"z":6.808856964111328},"rotation":{"x":-0.24278581142425538,"y":-0.589354932308197,"z":0.1894073784351349,"w":-0.747357964515686},"size":85.6286392211914,"orthographic":false}