{"cameraMode":{"drawMode":0,"name":"Shaded","section":"Shading Mode"},"sceneLighting":false,"audioPlay":false,"sceneViewState":{"showFog":true,"showMaterialUpdate":false,"showSkybox":false,"showFlares":true,"showImageEffects":true,"showParticleSystems":true},"in2DMode":false,"pivot":{"x":0.4128400683403015,"y":0.22271084785461427,"z":1.107926607131958},"rotation":{"x":0.24795383214950562,"y":-0.57110995054245,"z":0.186262309551239,"w":0.7600805163383484},"size":1.32159423828125,"orthographic":false}