{"cameraMode":{"drawMode":0,"name":"Shaded","section":"Shading Mode"},"sceneLighting":true,"audioPlay":false,"sceneViewState":{"showFog":false,"showMaterialUpdate":false,"showSkybox":true,"showFlares":true,"showImageEffects":true,"showParticleSystems":true},"in2DMode":false,"pivot":{"x":278.7314453125,"y":310.1764831542969,"z":-4.0595245361328129},"rotation":{"x":0.20714089274406434,"y":0.04026288166642189,"z":-0.008383592590689659,"w":0.9775323867797852},"size":166.3223876953125,"orthographic":false}