{"cameraMode":{"drawMode":0,"name":"Shaded","section":"Shading Mode"},"sceneLighting":false,"audioPlay":false,"sceneViewState":{"showFog":false,"showMaterialUpdate":false,"showSkybox":false,"showFlares":true,"showImageEffects":true,"showParticleSystems":true},"in2DMode":false,"pivot":{"x":-20.35538101196289,"y":-34.27842712402344,"z":-49.15525817871094},"rotation":{"x":0.44258633255958559,"y":-0.009164095856249333,"z":0.005193452816456556,"w":0.8969271183013916},"size":89.48200225830078,"orthographic":false}