{"cameraMode":{"drawMode":0,"name":"Shaded","section":"Shading Mode"},"sceneLighting":false,"audioPlay":false,"sceneViewState":{"showFog":false,"showMaterialUpdate":false,"showSkybox":false,"showFlares":true,"showImageEffects":true,"showParticleSystems":true},"in2DMode":false,"pivot":{"x":10.013660430908204,"y":7.433647155761719,"z":31.085739135742189},"rotation":{"x":-0.21458123624324799,"y":-0.07972151041030884,"z":0.016963938251137735,"w":-0.9735315442085266},"size":85.62865447998047,"orthographic":false}