{"cameraMode":{"drawMode":0,"name":"Shaded","section":"Shading Mode"},"sceneLighting":false,"audioPlay":false,"sceneViewState":{"showFog":false,"showMaterialUpdate":false,"showSkybox":false,"showFlares":true,"showImageEffects":true,"showParticleSystems":true},"in2DMode":false,"pivot":{"x":368.50469970703127,"y":16.44422149658203,"z":173.65281677246095},"rotation":{"x":0.08369438350200653,"y":0.11251461505889893,"z":-0.009345528669655323,"w":0.9901590347290039},"size":38.31193542480469,"orthographic":false}