{"cameraMode":{"drawMode":0,"name":"Shaded","section":"Shading Mode"},"sceneLighting":true,"audioPlay":false,"sceneViewState":{"showFog":false,"showMaterialUpdate":false,"showSkybox":true,"showFlares":true,"showImageEffects":true,"showParticleSystems":true},"in2DMode":false,"pivot":{"x":358.51629638671877,"y":-528.6923828125,"z":1474.480224609375},"rotation":{"x":0.24345198273658753,"y":0.11929190903902054,"z":-0.030061276629567148,"w":0.9621730446815491},"size":711.5919189453125,"orthographic":false}