{"cameraMode":{"drawMode":0,"name":"Shaded","section":"Shading Mode"},"sceneLighting":true,"audioPlay":false,"sceneViewState":{"showFog":false,"showMaterialUpdate":false,"showSkybox":true,"showFlares":true,"showImageEffects":true,"showParticleSystems":true},"in2DMode":false,"pivot":{"x":172.12384033203126,"y":-185.51779174804688,"z":1556.7967529296875},"rotation":{"x":-0.11846399307250977,"y":-0.036985915154218677,"z":0.004221501760184765,"w":-0.9923531413078308},"size":659.3174438476563,"orthographic":false}