{"cameraMode":{"drawMode":0,"name":"Shaded","section":"Shading Mode"},"sceneLighting":false,"audioPlay":false,"sceneViewState":{"showFog":false,"showMaterialUpdate":false,"showSkybox":false,"showFlares":true,"showImageEffects":true,"showParticleSystems":true},"in2DMode":false,"pivot":{"x":6.074565887451172,"y":4.709648132324219,"z":1.2082366943359376},"rotation":{"x":-0.21458123624324799,"y":-0.07972151041030884,"z":0.016963938251137735,"w":-0.9735315442085266},"size":85.62871551513672,"orthographic":false}