{"cameraMode":{"drawMode":0,"name":"Shaded","section":"Shading Mode"},"sceneLighting":false,"audioPlay":false,"sceneViewState":{"showFog":false,"showMaterialUpdate":false,"showSkybox":false,"showFlares":true,"showImageEffects":true,"showParticleSystems":true},"in2DMode":false,"pivot":{"x":-12.567559242248536,"y":-0.7002410888671875,"z":18.480934143066408},"rotation":{"x":-0.5149861574172974,"y":-0.011014257557690144,"z":0.00608987919986248,"w":-0.8573687076568604},"size":112.34051513671875,"orthographic":false}