{"cameraMode":{"drawMode":0,"name":"Shaded","section":"Shading Mode"},"sceneLighting":false,"audioPlay":false,"sceneViewState":{"showFog":false,"showMaterialUpdate":false,"showSkybox":false,"showFlares":true,"showImageEffects":true,"showParticleSystems":true},"in2DMode":false,"pivot":{"x":1.620330810546875,"y":15.160785675048829,"z":2.6933460235595705},"rotation":{"x":-0.3020947277545929,"y":0.020808078348636628,"z":-0.0069433171302080158,"w":-0.9532703757286072},"size":85.62872314453125,"orthographic":false}