{"cameraMode":{"drawMode":0,"name":"Shaded","section":"Shading Mode"},"sceneLighting":false,"audioPlay":false,"sceneViewState":{"showFog":false,"showMaterialUpdate":false,"showSkybox":false,"showFlares":true,"showImageEffects":true,"showParticleSystems":true},"in2DMode":false,"pivot":{"x":-16.532718658447267,"y":-12.998504638671875,"z":-20.690025329589845},"rotation":{"x":-0.22104139626026154,"y":0.021254263818264009,"z":-0.005418482702225447,"w":-0.975250780582428},"size":85.6286392211914,"orthographic":false}