{"cameraMode":{"drawMode":0,"name":"Shaded","section":"Shading Mode"},"sceneLighting":false,"audioPlay":false,"sceneViewState":{"showFog":false,"showMaterialUpdate":false,"showSkybox":false,"showFlares":true,"showImageEffects":true,"showParticleSystems":true},"in2DMode":false,"pivot":{"x":-8.88142204284668,"y":6.7798309326171879,"z":6.614784240722656},"rotation":{"x":-0.3615187704563141,"y":-0.02172963321208954,"z":0.007802152540534735,"w":-0.9323227405548096},"size":85.62870788574219,"orthographic":false}