{"cameraMode":{"drawMode":0,"name":"Shaded","section":"Shading Mode"},"sceneLighting":false,"audioPlay":false,"sceneViewState":{"showFog":false,"showMaterialUpdate":false,"showSkybox":false,"showFlares":true,"showImageEffects":true,"showParticleSystems":true},"in2DMode":false,"pivot":{"x":164.89248657226563,"y":34.95930862426758,"z":417.4459533691406},"rotation":{"x":0.23871555924415589,"y":0.466216117143631,"z":-0.1321006417274475,"w":0.8416556715965271},"size":90.4996566772461,"orthographic":false}