{"cameraMode":{"drawMode":0,"name":"Shaded","section":"Shading Mode"},"sceneLighting":true,"audioPlay":false,"sceneViewState":{"showFog":true,"showMaterialUpdate":false,"showSkybox":true,"showFlares":true,"showImageEffects":true,"showParticleSystems":true},"in2DMode":false,"pivot":{"x":0.724266767501831,"y":4.779417991638184,"z":-0.8212318420410156},"rotation":{"x":0.0027286424301564695,"y":0.9368141889572144,"z":-0.3497449457645416,"w":0.007307996042072773},"size":9.982120513916016,"orthographic":false}