{"cameraMode":{"drawMode":0,"name":"Shaded","section":"Shading Mode"},"sceneLighting":false,"audioPlay":false,"sceneViewState":{"showFog":true,"showMaterialUpdate":false,"showSkybox":false,"showFlares":true,"showImageEffects":true,"showParticleSystems":true},"in2DMode":false,"pivot":{"x":-4.128480434417725,"y":-0.0988919734954834,"z":6.656661510467529},"rotation":{"x":0.0892438292503357,"y":0.9077738523483276,"z":-0.24860964715480805,"w":0.32589539885520937},"size":3.552278995513916,"orthographic":false}