{"cameraMode":{"drawMode":0,"name":"Shaded","section":"Shading Mode"},"sceneLighting":false,"audioPlay":false,"sceneViewState":{"showFog":true,"showMaterialUpdate":false,"showSkybox":false,"showFlares":true,"showImageEffects":true,"showParticleSystems":true},"in2DMode":false,"pivot":{"x":34.45292282104492,"y":-6.502372741699219,"z":10.103012084960938},"rotation":{"x":0.07498258352279663,"y":0.8874300122261047,"z":-0.42737454175949099,"w":0.1556887924671173},"size":34.070472717285159,"orthographic":false}