{"cameraMode":{"drawMode":0,"name":"Shaded","section":"Shading Mode"},"sceneLighting":false,"audioPlay":false,"sceneViewState":{"showFog":true,"showMaterialUpdate":false,"showSkybox":false,"showFlares":true,"showImageEffects":true,"showParticleSystems":true},"in2DMode":false,"pivot":{"x":-11.115531921386719,"y":-46.63555908203125,"z":-14.266181945800782},"rotation":{"x":0.3441387116909027,"y":-0.49565526843070986,"z":0.22277489304542542,"w":0.7656872868537903},"size":69.06236267089844,"orthographic":false}