{"cameraMode":{"drawMode":0,"name":"Shaded","section":"Shading Mode"},"sceneLighting":false,"audioPlay":false,"sceneViewState":{"showFog":true,"showMaterialUpdate":false,"showSkybox":false,"showFlares":true,"showImageEffects":true,"showParticleSystems":true},"in2DMode":false,"pivot":{"x":0.24813997745513917,"y":69.5841064453125,"z":-0.5916199684143066},"rotation":{"x":-0.04843912273645401,"y":0.4506889581680298,"z":-0.024500705301761628,"w":-0.891029953956604},"size":70.0223159790039,"orthographic":false}