{"cameraMode":{"drawMode":0,"name":"Shaded","section":"Shading Mode"},"sceneLighting":false,"audioPlay":false,"sceneViewState":{"showFog":true,"showMaterialUpdate":false,"showSkybox":false,"showFlares":true,"showImageEffects":true,"showParticleSystems":true},"in2DMode":false,"pivot":{"x":-17.166057586669923,"y":-2.94677734375,"z":-25.455856323242189},"rotation":{"x":0.19889456033706666,"y":-0.45459720492362978,"z":0.10492490977048874,"w":0.8618650436401367},"size":24.562036514282228,"orthographic":false}