{"cameraMode":{"drawMode":0,"name":"Shaded","section":"Shading Mode"},"sceneLighting":false,"audioPlay":false,"sceneViewState":{"showFog":true,"showMaterialUpdate":false,"showSkybox":false,"showFlares":true,"showImageEffects":true,"showParticleSystems":true},"in2DMode":false,"pivot":{"x":-13.972919464111329,"y":-13.897356033325196,"z":-5.869470596313477},"rotation":{"x":0.25458505749702456,"y":0.6653817892074585,"z":-0.25984764099121096,"w":0.651909589767456},"size":31.694091796875,"orthographic":false}