{"cameraMode":{"drawMode":0,"name":"Shaded","section":"Shading Mode"},"sceneLighting":false,"audioPlay":false,"sceneViewState":{"showFog":true,"showMaterialUpdate":false,"showSkybox":false,"showFlares":true,"showImageEffects":true,"showParticleSystems":true},"in2DMode":false,"pivot":{"x":-17.740781784057618,"y":-7.084800720214844,"z":-16.175254821777345},"rotation":{"x":0.3963261842727661,"y":-0.19134652614593507,"z":0.08485719561576843,"w":0.8939475417137146},"size":44.35452651977539,"orthographic":false}