{"cameraMode":{"drawMode":0,"name":"Shaded","section":"Shading Mode"},"sceneLighting":true,"audioPlay":false,"sceneViewState":{"showFog":true,"showMaterialUpdate":false,"showSkybox":true,"showFlares":true,"showImageEffects":true,"showParticleSystems":true},"in2DMode":false,"pivot":{"x":-47.049312591552737,"y":4.875062942504883,"z":-113.51014709472656},"rotation":{"x":-0.3352326452732086,"y":0.5068418979644775,"z":-0.22288987040519715,"w":-0.7622981071472168},"size":101.68731689453125,"orthographic":false}