{"cameraMode":{"drawMode":0,"name":"Shaded","section":"Shading Mode"},"sceneLighting":false,"audioPlay":false,"sceneViewState":{"showFog":true,"showMaterialUpdate":false,"showSkybox":false,"showFlares":true,"showImageEffects":true,"showParticleSystems":true},"in2DMode":false,"pivot":{"x":-21.654727935791017,"y":-4.333822250366211,"z":0.6224641799926758},"rotation":{"x":0.20384527742862702,"y":0.6820455193519592,"z":-0.20717361569404603,"w":0.6710807681083679},"size":40.29155731201172,"orthographic":false}