{"cameraMode":{"drawMode":0,"name":"Shaded","section":"Shading Mode"},"sceneLighting":false,"audioPlay":false,"sceneViewState":{"showFog":true,"showMaterialUpdate":false,"showSkybox":false,"showFlares":true,"showImageEffects":true,"showParticleSystems":true},"in2DMode":false,"pivot":{"x":15.720001220703125,"y":-1.1559982299804688,"z":-16.81999969482422},"rotation":{"x":0.0553426668047905,"y":0.902886688709259,"z":-0.40842342376708987,"w":0.1223326176404953},"size":77.16987609863281,"orthographic":false}