{"cameraMode":{"drawMode":0,"name":"Shaded","section":"Shading Mode"},"sceneLighting":false,"audioPlay":false,"sceneViewState":{"showFog":true,"showMaterialUpdate":false,"showSkybox":false,"showFlares":true,"showImageEffects":true,"showParticleSystems":true},"in2DMode":false,"pivot":{"x":39.23988342285156,"y":6.1092376708984379,"z":12.770515441894532},"rotation":{"x":0.0016837607836350799,"y":0.9976651668548584,"z":-0.06324626505374909,"w":0.026616716757416726},"size":10.0,"orthographic":false}