{"cameraMode":{"drawMode":0,"name":"Shaded","section":"Shading Mode"},"sceneLighting":false,"audioPlay":false,"sceneViewState":{"showFog":true,"showMaterialUpdate":false,"showSkybox":false,"showFlares":true,"showImageEffects":true,"showParticleSystems":true},"in2DMode":false,"pivot":{"x":2.1403987407684328,"y":-19.441116333007814,"z":-6.6553955078125},"rotation":{"x":-0.4988449513912201,"y":0.013245980255305767,"z":-0.007621703203767538,"w":-0.866600513458252},"size":85.62870788574219,"orthographic":false}