{"cameraMode":{"drawMode":0,"name":"Shaded","section":"Shading Mode"},"sceneLighting":false,"audioPlay":false,"sceneViewState":{"showFog":true,"showMaterialUpdate":false,"showSkybox":false,"showFlares":true,"showImageEffects":true,"showParticleSystems":true},"in2DMode":false,"pivot":{"x":16.350000381469728,"y":-3.3400001525878908,"z":-16.81999969482422},"rotation":{"x":0.27761948108673098,"y":-0.21526208519935609,"z":0.06397897750139237,"w":0.934076726436615},"size":18.238494873046876,"orthographic":false}