{"cameraMode":{"drawMode":0,"name":"Shaded","section":"Shading Mode"},"sceneLighting":true,"audioPlay":false,"sceneViewState":{"showFog":true,"showMaterialUpdate":false,"showSkybox":true,"showFlares":true,"showImageEffects":true,"showParticleSystems":true},"in2DMode":false,"pivot":{"x":17.789798736572267,"y":-19.14570426940918,"z":2.8627777099609377},"rotation":{"x":-0.2580261528491974,"y":0.18334676325321198,"z":-0.04958239197731018,"w":-0.9475018382072449},"size":42.30232620239258,"orthographic":false}