{"cameraMode":{"drawMode":0,"name":"Shaded","section":"Shading Mode"},"sceneLighting":false,"audioPlay":false,"sceneViewState":{"showFog":true,"showMaterialUpdate":false,"showSkybox":false,"showFlares":true,"showImageEffects":true,"showParticleSystems":true},"in2DMode":false,"pivot":{"x":-134.53793334960938,"y":-234.99203491210938,"z":240.29371643066407},"rotation":{"x":0.20601771771907807,"y":0.5817525386810303,"z":-0.15596389770507813,"w":0.7714635133743286},"size":171.50582885742188,"orthographic":false}