{"cameraMode":{"drawMode":0,"name":"Shaded","section":"Shading Mode"},"sceneLighting":false,"audioPlay":false,"sceneViewState":{"showFog":true,"showMaterialUpdate":false,"showSkybox":false,"showFlares":true,"showImageEffects":true,"showParticleSystems":true},"in2DMode":false,"pivot":{"x":24.059598922729493,"y":-2.143871307373047,"z":16.27309799194336},"rotation":{"x":0.22484776377677918,"y":-0.20145203173160554,"z":0.04757237434387207,"w":0.9521557688713074},"size":47.921810150146487,"orthographic":false}