{"cameraMode":{"drawMode":0,"name":"Shaded","section":"Shading Mode"},"sceneLighting":false,"audioPlay":false,"sceneViewState":{"showFog":true,"showMaterialUpdate":false,"showSkybox":false,"showFlares":true,"showImageEffects":true,"showParticleSystems":true},"in2DMode":false,"pivot":{"x":0.7699999809265137,"y":1.2699999809265137,"z":25.540000915527345},"rotation":{"x":-0.23922841250896455,"y":-0.6787852048873901,"z":0.25136664509773257,"w":-0.6474593877792358},"size":10.0,"orthographic":false}