{"cameraMode":{"drawMode":0,"name":"Shaded","section":"Shading Mode"},"sceneLighting":false,"audioPlay":false,"sceneViewState":{"showFog":true,"showMaterialUpdate":false,"showSkybox":false,"showFlares":true,"showImageEffects":true,"showParticleSystems":true},"in2DMode":false,"pivot":{"x":30.499950408935548,"y":0.0,"z":-30.499954223632814},"rotation":{"x":0.4346427321434021,"y":0.48172593116760256,"z":-0.29927313327789309,"w":0.6996263265609741},"size":128.50201416015626,"orthographic":false}