{"cameraMode":{"drawMode":0,"name":"Shaded","section":"Shading Mode"},"sceneLighting":false,"audioPlay":false,"sceneViewState":{"showFog":true,"showMaterialUpdate":false,"showSkybox":false,"showFlares":true,"showImageEffects":true,"showParticleSystems":true},"in2DMode":false,"pivot":{"x":-55.127010345458987,"y":-39.36319351196289,"z":29.010339736938478},"rotation":{"x":0.1536852866411209,"y":-0.8044613003730774,"z":0.23646938800811768,"w":0.5228079557418823},"size":43.19990539550781,"orthographic":false}