{"cameraMode":{"drawMode":0,"name":"Shaded","section":"Shading Mode"},"sceneLighting":false,"audioPlay":false,"sceneViewState":{"showFog":true,"showMaterialUpdate":false,"showSkybox":false,"showFlares":true,"showImageEffects":true,"showParticleSystems":true},"in2DMode":false,"pivot":{"x":-27.031679153442384,"y":4.785531997680664,"z":-6.63494873046875},"rotation":{"x":0.15419746935367585,"y":-0.6559516787528992,"z":0.1394110918045044,"w":0.7256407737731934},"size":1.2247449159622193,"orthographic":false}