{"cameraMode":{"drawMode":0,"name":"Shaded","section":"Shading Mode"},"sceneLighting":false,"audioPlay":false,"sceneViewState":{"showFog":true,"showMaterialUpdate":false,"showSkybox":false,"showFlares":true,"showImageEffects":true,"showParticleSystems":true},"in2DMode":false,"pivot":{"x":-0.1264801025390625,"y":-13.667831420898438,"z":181.19895935058595},"rotation":{"x":0.24988657236099244,"y":-0.2879785895347595,"z":0.07811706513166428,"w":0.9211572408676148},"size":152.46197509765626,"orthographic":false}