{"cameraMode":{"drawMode":0,"name":"Shaded","section":"Shading Mode"},"sceneLighting":false,"audioPlay":false,"sceneViewState":{"showFog":true,"showMaterialUpdate":false,"showSkybox":false,"showFlares":true,"showImageEffects":true,"showParticleSystems":true},"in2DMode":false,"pivot":{"x":39.23988342285156,"y":6.1092376708984379,"z":12.770515441894532},"rotation":{"x":0.24988657236099244,"y":-0.2879785895347595,"z":0.07811706513166428,"w":0.9211572408676148},"size":10.0,"orthographic":false}