{"cameraMode":{"drawMode":0,"name":"Shaded","section":"Shading Mode"},"sceneLighting":true,"audioPlay":false,"sceneViewState":{"showFog":true,"showMaterialUpdate":false,"showSkybox":true,"showFlares":true,"showImageEffects":true,"showParticleSystems":true},"in2DMode":false,"pivot":{"x":-67.40582275390625,"y":-47.18370819091797,"z":11.524496078491211},"rotation":{"x":0.35292181372642519,"y":-0.5458188056945801,"z":0.2713998258113861,"w":0.7098661661148071},"size":136.3543701171875,"orthographic":false}