{"cameraMode":{"drawMode":0,"name":"Shaded","section":"Shading Mode"},"sceneLighting":false,"audioPlay":false,"sceneViewState":{"showFog":true,"showMaterialUpdate":false,"showSkybox":false,"showFlares":true,"showImageEffects":true,"showParticleSystems":true},"in2DMode":false,"pivot":{"x":12.83956527709961,"y":-3.9335262775421144,"z":-15.760000228881836},"rotation":{"x":0.10271778702735901,"y":0.0014885369455441833,"z":-0.00016696099191904068,"w":0.9947240948677063},"size":7.4982452392578129,"orthographic":false}